pmcid	forename_lastname	affiliation
7403033	Henrique_Bridi	Universidade Federal Do Rio Grande Do Sul, Programa de P&#xF3;s-Gradua&#xE7;&#xE3;o Em Ci&#xEA;ncias Farmac&#xEA;uticas, Avenida Ipiranga 2752, Porto Alegre, Brazil
7403033	Gabriela_de Carvalho Meirelles	Universidade Federal Do Rio Grande Do Sul, Programa de P&#xF3;s-Gradua&#xE7;&#xE3;o Em Ci&#xEA;ncias Farmac&#xEA;uticas, Avenida Ipiranga 2752, Porto Alegre, Brazil
7403033	Gilsane_Lino von Poser	Universidade Federal Do Rio Grande Do Sul, Programa de P&#xF3;s-Gradua&#xE7;&#xE3;o Em Ci&#xEA;ncias Farmac&#xEA;uticas, Avenida Ipiranga 2752, Porto Alegre, Brazil
7394822	Dongdong_Sun	College of Life Sciences, Anhui Normal University, Wuhu, China
7394822	Yuan_Huang	College of Life Sciences, Anhui Normal University, Wuhu, China
7394822	Zhenjie_Qin	College of Life Sciences, Anhui Normal University, Wuhu, China
7394822	Haixia_Zhan	College of Life Sciences, Anhui Normal University, Wuhu, China
7394822	Jinping_Zhang	MoA-CABI Joint Laboratory for Bio-safety, Institute of Plant Protection, Chinese Academy of Agricultural Sciences, Beijing, China
7394822	Yang_Liu	State Key Laboratory for Biology of Plant Diseases and Insect Pests, Institute of Plant Protection, Chinese Academy of Agricultural Sciences, Beijing, China
7394822	Shiyong_Yang	College of Life Sciences, Anhui Normal University, Wuhu, China
7387505	Patricia_Hern&#xE1;ndez-Mart&#xED;nez	Laboratory of Biotechnological Control of Pest, ERI de Biotecnolog&#xED;a y Biomedicina, Department of Genetics, Universitat de Val&#xE8;ncia, Burjassot, Spain
7387505	Ayda_Khorramnejad	Laboratory of Biotechnological Control of Pest, ERI de Biotecnolog&#xED;a y Biomedicina, Department of Genetics, Universitat de Val&#xE8;ncia, Burjassot, Spain
7387505	Katterine_Prentice	Laboratory of Agrozoology, Department of Plants and Crops, Faculty of Bioscience Engineering, Ghent University, Ghent, Belgium
7387505	Ascensi&#xF3;n_Andr&#xE9;s-Garrido	Laboratory of Biotechnological Control of Pest, ERI de Biotecnolog&#xED;a y Biomedicina, Department of Genetics, Universitat de Val&#xE8;ncia, Burjassot, Spain
7387505	Natalia Mara_Vera-Velasco	Laboratory Membrane Proteins, ERI de Biotecnolog&#xED;a y Biomedicina, Department of Biochemistry and Molecular Biology, Universitat de Val&#xE8;ncia, Burjassot, Spain
7387505	Guy_Smagghe	Laboratory of Agrozoology, Department of Plants and Crops, Faculty of Bioscience Engineering, Ghent University, Ghent, Belgium
7387505	Baltasar_Escriche	Laboratory of Biotechnological Control of Pest, ERI de Biotecnolog&#xED;a y Biomedicina, Department of Genetics, Universitat de Val&#xE8;ncia, Burjassot, Spain
7320233	Yinyin_Liao	Guangdong Provincial Key Laboratory of Applied Botany &amp; Key Laboratory of South China Agricultural Plant Molecular Analysis and Genetic Improvement, South China Botanical Garden, Chinese Academy of Sciences, Xingke Road 723, Tianhe District, Guangzhou 510650, China
7320233	Lanting_Zeng	Guangdong Provincial Key Laboratory of Applied Botany &amp; Key Laboratory of South China Agricultural Plant Molecular Analysis and Genetic Improvement, South China Botanical Garden, Chinese Academy of Sciences, Xingke Road 723, Tianhe District, Guangzhou 510650, China
7320233	Shunfa_Rao	Guangdong Provincial Key Laboratory of Applied Botany &amp; Key Laboratory of South China Agricultural Plant Molecular Analysis and Genetic Improvement, South China Botanical Garden, Chinese Academy of Sciences, Xingke Road 723, Tianhe District, Guangzhou 510650, China
7320233	Dachuan_Gu	Guangdong Provincial Key Laboratory of Applied Botany &amp; Key Laboratory of South China Agricultural Plant Molecular Analysis and Genetic Improvement, South China Botanical Garden, Chinese Academy of Sciences, Xingke Road 723, Tianhe District, Guangzhou 510650, China
7320233	Xu_Liu	Guangdong Provincial Key Laboratory of Applied Botany &amp; Key Laboratory of South China Agricultural Plant Molecular Analysis and Genetic Improvement, South China Botanical Garden, Chinese Academy of Sciences, Xingke Road 723, Tianhe District, Guangzhou 510650, China
7320233	Yaru_Wang	Guangdong Provincial Key Laboratory of Applied Botany &amp; Key Laboratory of South China Agricultural Plant Molecular Analysis and Genetic Improvement, South China Botanical Garden, Chinese Academy of Sciences, Xingke Road 723, Tianhe District, Guangzhou 510650, China
7320233	Hongbo_Zhu	College of Agriculture, Guangdong Ocean University, Haida Road 1, Mazhang District, Zhanjiang 524088, China
7320233	Xingliang_Hou	Guangdong Provincial Key Laboratory of Applied Botany &amp; Key Laboratory of South China Agricultural Plant Molecular Analysis and Genetic Improvement, South China Botanical Garden, Chinese Academy of Sciences, Xingke Road 723, Tianhe District, Guangzhou 510650, China
7320233	Ziyin_Yang	Guangdong Provincial Key Laboratory of Applied Botany &amp; Key Laboratory of South China Agricultural Plant Molecular Analysis and Genetic Improvement, South China Botanical Garden, Chinese Academy of Sciences, Xingke Road 723, Tianhe District, Guangzhou 510650, China
6955951	Anamika_Sharma	Montana State University, Western Triangle Agricultural Research Center, 9546 Old Shelby Rd, P.O. Box 656, Conrad, MT 59425, USA;  (R.K.S.)
6955951	Ramandeep Kaur_Sandhi	Montana State University, Western Triangle Agricultural Research Center, 9546 Old Shelby Rd, P.O. Box 656, Conrad, MT 59425, USA;  (R.K.S.)
6955951	Gadi V. P._Reddy	USDA-ARS, Southern Insect Management Research Unit, 141 Experiment Station Road, P.O. Box 346, Stoneville, MS 38776, USA
6995508	Ying_Zhou	Guangdong Provincial Key Laboratory of Applied Botany &amp; Key Laboratory of South China Agricultural Plant Molecular Analysis and Genetic Improvement, South China Botanical Garden, Chinese Academy of Sciences, Xingke Road 723, Tianhe District, Guangzhou 510650, China;  (X.L.)
6995508	Xiaoyu_Liu	Guangdong Provincial Key Laboratory of Applied Botany &amp; Key Laboratory of South China Agricultural Plant Molecular Analysis and Genetic Improvement, South China Botanical Garden, Chinese Academy of Sciences, Xingke Road 723, Tianhe District, Guangzhou 510650, China;  (X.L.)
6995508	Ziyin_Yang	Guangdong Provincial Key Laboratory of Applied Botany &amp; Key Laboratory of South China Agricultural Plant Molecular Analysis and Genetic Improvement, South China Botanical Garden, Chinese Academy of Sciences, Xingke Road 723, Tianhe District, Guangzhou 510650, China;  (X.L.)
6884542	Yuchao_Yang	0000 0001 1456 856Xgrid.66741.32Beijing Key Laboratory for Forest Pest Control, Beijing Forestry University, Beijing, 100083 China 
6884542	Wenbo_Li	0000 0001 1456 856Xgrid.66741.32Beijing Key Laboratory for Forest Pest Control, Beijing Forestry University, Beijing, 100083 China 
6884542	Jing_Tao	0000 0001 1456 856Xgrid.66741.32Beijing Key Laboratory for Forest Pest Control, Beijing Forestry University, Beijing, 100083 China 
6884542	Shixiang_Zong	0000 0001 1456 856Xgrid.66741.32Beijing Key Laboratory for Forest Pest Control, Beijing Forestry University, Beijing, 100083 China 
6874613	Anja K._Meents	0000 0004 0491 7131grid.418160.aResearch Group Plant Defense Physiology, Max Planck Institute for Chemical Ecology, 07745 Jena, Germany 
6874613	Shi-Peng_Chen	0000 0004 0546 0241grid.19188.39Institute of Plant Biology, and Climate Change/Sustainable Development Center, National Taiwan University, Taipei, 106 Taiwan 
6874613	Michael_Reichelt	0000 0004 0491 7131grid.418160.aDepartment of Biochemistry, Max Planck Institute for Chemical Ecology, 07745 Jena, Germany 
6874613	Hsueh-Han_Lu	0000 0004 0546 0241grid.19188.39Institute of Plant Biology, and Climate Change/Sustainable Development Center, National Taiwan University, Taipei, 106 Taiwan 
6874613	Stefan_Bartram	0000 0004 0491 7131grid.418160.aDepartment of Natural Product Biosynthesis, Max Planck Institute for Chemical Ecology, 07745 Jena, Germany 
6874613	Kai-Wun_Yeh	0000 0004 0546 0241grid.19188.39Institute of Plant Biology, and Climate Change/Sustainable Development Center, National Taiwan University, Taipei, 106 Taiwan 
6874613	Axel_Mith&#xF6;fer	0000 0004 0491 7131grid.418160.aResearch Group Plant Defense Physiology, Max Planck Institute for Chemical Ecology, 07745 Jena, Germany 
6795849	Mudassir_Rehman	0000 0004 0368 0777grid.1037.5School of Agricultural and Wine Sciences, Charles Sturt University, PO Box 883, Orange, NSW 2800 Australia 
6795849	Jian_Liu	0000 0004 0368 0777grid.1037.5School of Agricultural and Wine Sciences, Charles Sturt University, PO Box 883, Orange, NSW 2800 Australia 
6795849	Anne C._Johnson	0000 0004 0368 0777grid.1037.5School of Agricultural and Wine Sciences, Charles Sturt University, PO Box 883, Orange, NSW 2800 Australia 
6795849	Taiwo Esther_Dada	0000 0004 0368 0777grid.1037.5School of Agricultural and Wine Sciences, Charles Sturt University, PO Box 883, Orange, NSW 2800 Australia 
6795849	Geoff M._Gurr	0000 0004 0368 0777grid.1037.5School of Agricultural and Wine Sciences, Charles Sturt University, PO Box 883, Orange, NSW 2800 Australia 
6899572	Salim_Khoja	1Department of BiosciencesSwansea UniversitySwanseaUK
6899572	Khalifa M_Eltayef	1Department of BiosciencesSwansea UniversitySwanseaUK
6899572	Ian_Baxter	3Certis Europe BVMaarssenThe Netherlands
6899572	James C_Bull	1Department of BiosciencesSwansea UniversitySwanseaUK
6899572	Edric Joel_Loveridge	2Department of ChemistrySwansea UniversitySwanseaUK
6899572	Tariq_Butt	1Department of BiosciencesSwansea UniversitySwanseaUK
6728347	Daniel D._Noriega	0000 0001 2238 5157grid.7632.0Department of Cellular Biology, University of Bras&#xED;lia, Bras&#xED;lia-DF, Brazil 
6728347	Paula L._Arias	grid.7779.eDepartamento de Ciencias Biol&#xF3;gicas, Universidad de Caldas, Manizales, Colombia 
6728347	Helena R._Barbosa	Embrapa Genetic Resources and Biotechnology, Bras&#xED;lia-DF, Brazil 
6728347	Fabricio B. M._Arraes	Embrapa Genetic Resources and Biotechnology, Bras&#xED;lia-DF, Brazil 
6728347	Gustavo A._Ossa	grid.7779.eDepartamento de Ciencias Biol&#xF3;gicas, Universidad de Caldas, Manizales, Colombia 
6728347	Bernardo_Villegas	grid.7779.eDepartamento de Producci&#xF3;n Agropecuaria, Universidad de Caldas, Manizales, Colombia 
6728347	Roberta R._Coelho	Embrapa Genetic Resources and Biotechnology, Bras&#xED;lia-DF, Brazil 
6728347	Erika V. S._Albuquerque	Embrapa Genetic Resources and Biotechnology, Bras&#xED;lia-DF, Brazil 
6728347	Roberto C._Togawa	Embrapa Genetic Resources and Biotechnology, Bras&#xED;lia-DF, Brazil 
6728347	Priscila_Grynberg	Embrapa Genetic Resources and Biotechnology, Bras&#xED;lia-DF, Brazil 
6728347	Haichuan_Wang	0000 0004 1937 0060grid.24434.35University of Nebraska-Lincoln, Nebraska, United States of America 
6728347	Ana M._V&#xE9;lez	0000 0004 1937 0060grid.24434.35University of Nebraska-Lincoln, Nebraska, United States of America 
6728347	Jorge W._Arboleda	grid.441748.aCentro de Investigaciones en Medio Ambiente y Desarrollo &#x2013; CIMAD, Universidad de Manizales, Manizales, Caldas, Colombia 
6728347	Maria F._Grossi-de-Sa	Embrapa Genetic Resources and Biotechnology, Bras&#xED;lia-DF, Brazil 
6728347	Maria C. M._Silva	Embrapa Genetic Resources and Biotechnology, Bras&#xED;lia-DF, Brazil 
6728347	Arnubio_Valencia-Jim&#xE9;nez	grid.7779.eDepartamento de Producci&#xF3;n Agropecuaria, Universidad de Caldas, Manizales, Colombia 
6628306	Ji-Wei_Xu	College of Life Sciences, Huaibei Normal University, Huaibei 235000, China;  (X.-L.W.)
6628306	Xiu-Yun_Zhu	College of Life Sciences, Huaibei Normal University, Huaibei 235000, China;  (X.-L.W.)
6628306	Qiu-Jie_Chao	College of Life Sciences, Huaibei Normal University, Huaibei 235000, China;  (X.-L.W.)
6628306	Yong-Jie_Zhang	College of Life Sciences, Huaibei Normal University, Huaibei 235000, China;  (X.-L.W.)
6628306	Yu-Xia_Yang	College of Life Sciences, Huaibei Normal University, Huaibei 235000, China;  (X.-L.W.)
6628306	Ran-Ran_Wang	College of Life Sciences, Huaibei Normal University, Huaibei 235000, China;  (X.-L.W.)
6628306	Yu_Zhang	College of Life Sciences, Huaibei Normal University, Huaibei 235000, China;  (X.-L.W.)
6628306	Meng-Zhen_Xie	College of Life Sciences, Huaibei Normal University, Huaibei 235000, China;  (X.-L.W.)
6628306	Ya-Ting_Ge	College of Life Sciences, Huaibei Normal University, Huaibei 235000, China;  (X.-L.W.)
6628306	Xin-Lai_Wu	College of Life Sciences, Huaibei Normal University, Huaibei 235000, China;  (X.-L.W.)
6628306	Fan_Zhang	Key Laboratory of Animal Resistance Research, College of Life Science, Shandong Normal University, Jinan 250000, China; 
6628306	Ya-Nan_Zhang	College of Life Sciences, Huaibei Normal University, Huaibei 235000, China;  (X.-L.W.)
6628306	Lei_Ji	College of Life Sciences, Huaibei Normal University, Huaibei 235000, China;  (X.-L.W.)
6628306	Lu_Xu	Key Lab of Food Quality and Safety of Jiangsu Province-State Key Laboratory Breeding Base, Institute of Plant Protection, Jiangsu Academy of Agricultural Sciences, Nanjing 210014, China
6571001	Ang&#xE9;lica_Gonz&#xE1;lez-Gonz&#xE1;lez	Centre in Molecular and Functional Ecology, Universidad de Talca, Talca, Chile
6571001	Mar&#xED;a E._Rubio-Mel&#xE9;ndez	Centro de Bioinform&#xE1;tica y Simulaci&#xF3;n Molecular (CBSM), Facultad de Ingenier&#xED;a, Universidad de Talca, Talca, Maule, Chile
6571001	Gabriel I._Ballesteros	Centre in Molecular and Functional Ecology, Universidad de Talca, Talca, Chile
6571001	Claudio C._Ram&#xED;rez	Centre in Molecular and Functional Ecology, Universidad de Talca, Talca, Chile
6571001	Rub&#xE9;n_Palma-Millanao	Centre in Molecular and Functional Ecology, Universidad de Talca, Talca, Chile
6399352	Hongmin_Liu	Agriculture College, Xinyang Agriculture and Forestry University, Xinyang, 464000 P. R. China 
6399352	Xiaofang_Zhang	Institute of Plant Protection, Hebei Academy of Agriculture and Forestry Sciences/Integrated Pest Management Center of Hebei Province/Key Laboratory of IPM on Crops in Northern Region of North China, Ministry of Agriculture, Baoding, 071000 P. R. China 
6399352	Chunqin_Liu	Cangzhou Technical College, Cangzhou, 061001 P. R. China 
6399352	Yongqiang_Liu	grid.464356.6State Key Laboratory for Biology of Plant Diseases and Insect Pests, Institute of Plant Protection, Chinese Academy of Agricultural Sciences, Beijing, 100193 P. R. China 
6399352	Xiangdong_Mei	grid.464356.6State Key Laboratory for Biology of Plant Diseases and Insect Pests, Institute of Plant Protection, Chinese Academy of Agricultural Sciences, Beijing, 100193 P. R. China 
6399352	Tao_Zhang	Institute of Plant Protection, Hebei Academy of Agriculture and Forestry Sciences/Integrated Pest Management Center of Hebei Province/Key Laboratory of IPM on Crops in Northern Region of North China, Ministry of Agriculture, Baoding, 071000 P. R. China 
6383622	Maria Ruth B._Pineda-Cortel	Department of Medical Technology, Faculty of Pharmacy, University of Santo Tomas, Manila, Philippines; 
6383622	Rachel Joy R._Cabantog	Department of Medical Technology, Faculty of Pharmacy, University of Santo Tomas, Manila, Philippines; 
6383622	Paulo M._Caasi	Department of Medical Technology, Faculty of Pharmacy, University of Santo Tomas, Manila, Philippines; 
6383622	Charles Anson D._Ching	Department of Medical Technology, Faculty of Pharmacy, University of Santo Tomas, Manila, Philippines; 
6383622	Joseph Benjamin S._Perez	Department of Medical Technology, Faculty of Pharmacy, University of Santo Tomas, Manila, Philippines; 
6383622	Paulo Gabriel M._Godisan	Department of Medical Technology, Faculty of Pharmacy, University of Santo Tomas, Manila, Philippines; 
6383622	Cheska Marie G._Latorre	Department of Medical Technology, Faculty of Pharmacy, University of Santo Tomas, Manila, Philippines; 
6383622	Danielle R._Lucero	Department of Medical Technology, Faculty of Pharmacy, University of Santo Tomas, Manila, Philippines; 
6383622	Reginald B._Salonga	Faculty of Pharmacy, Meijo University, Nagoya City, Japan
6375930	Pei-Shih_Liang	United States Department of Agriculture &#x2013; Agricultural Research Service &#x2013; Western Regional Research Center, 800 Buchanan Street, 94710 Albany, CA USA 
6375930	Ronald P._Haff	United States Department of Agriculture &#x2013; Agricultural Research Service &#x2013; Western Regional Research Center, 800 Buchanan Street, 94710 Albany, CA USA 
6375930	Inna_Ovchinnikova	United States Department of Agriculture &#x2013; Agricultural Research Service &#x2013; Western Regional Research Center, 800 Buchanan Street, 94710 Albany, CA USA 
6375930	Douglas M._Light	United States Department of Agriculture &#x2013; Agricultural Research Service &#x2013; Western Regional Research Center, 800 Buchanan Street, 94710 Albany, CA USA 
6375930	Noreen E._Mahoney	United States Department of Agriculture &#x2013; Agricultural Research Service &#x2013; Western Regional Research Center, 800 Buchanan Street, 94710 Albany, CA USA 
6375930	Jong H._Kim	United States Department of Agriculture &#x2013; Agricultural Research Service &#x2013; Western Regional Research Center, 800 Buchanan Street, 94710 Albany, CA USA 
6408394	Mutsumi_Isa	Department of Ecology and Environmental Sciences, Faculty of Agriculture, University of the Ryukyus, Nishihara, Okinawa 9030213, Japan
6408394	Norikuni_Kumano	Laboratory of Insect Ecology, Obihiro University of Agriculture and Veterinary Medicine, Obihiro, Hokkaido 0808555, Japan
6408394	Haruki_Tatsuta	Department of Ecology and Environmental Sciences, Faculty of Agriculture, University of the Ryukyus, Nishihara, Okinawa 9030213, Japan
6357078	Nourhan Hisham_Shady	Department of Pharmacognosy, Faculty of Pharmacy, Deraya University, Universities Zone, P.O. Box 61111 New Minia City, 61519 Minia, Egypt;  (M.S.K.)
6357078	Mostafa A._Fouad	Department of Pharmacognosy, Faculty of Pharmacy, Minia University, 61519 Minia, Egypt; 
6357078	Mohamed_Salah Kamel	Department of Pharmacognosy, Faculty of Pharmacy, Deraya University, Universities Zone, P.O. Box 61111 New Minia City, 61519 Minia, Egypt;  (M.S.K.)
6357078	Tanja_Schirmeister	Institute of Pharmacy and Biochemistry, Johannes Gutenberg University, Staudingerweg 5, 55128 Mainz, Germany
6357078	Usama Ramadan_Abdelmohsen	Department of Pharmacognosy, Faculty of Pharmacy, Minia University, 61519 Minia, Egypt; 
6269510	Sophie_Labaude	0000 0000 9331 9029grid.95004.38Department of Biology, Maynooth University, Maynooth, Ireland 
6269510	Niamh_O&#x2019;Donnell	0000 0000 9331 9029grid.95004.38Department of Biology, Maynooth University, Maynooth, Ireland 
6269510	Christine T._Griffin	0000 0000 9331 9029grid.95004.38Department of Biology, Maynooth University, Maynooth, Ireland 
6308240	Mica_Jenkins	0000 0001 2156 6108grid.41891.35Food and Health Lab, Montana State University, Bozeman, MT USA 
6308240	Carmen Byker_Shanks	0000 0001 2156 6108grid.41891.35Food and Health Lab, Montana State University, Bozeman, MT USA 
6308240	Roland_Brouwer	International Potato Center, Maputo, Mozambique 
6308240	Bailey_Houghtaling	0000 0001 0694 4940grid.438526.eDepartment of Human Nutrition, Foods, and Exercise, Virginia Polytechnic Institute and State University, Blacksburg, VA USA 
6784509	J&#xFA;lio M G_Segovia	Laborat&#xF3;rio de Ecologia Sensorial e Comportamento de Artr&#xF3;podes, Escola, de Artes, Ci&#xEA;ncias e Humanidades da Universidade de S&#xE3;o Paulo, S&#xE3;o Paulo, Brazil
6784509	Gabriel P_Murayama	Laborat&#xF3;rio de Ecologia Sensorial e Comportamento de Artr&#xF3;podes, Escola, de Artes, Ci&#xEA;ncias e Humanidades da Universidade de S&#xE3;o Paulo, S&#xE3;o Paulo, Brazil
6784509	Rodrigo H_Willemart	Laborat&#xF3;rio de Ecologia Sensorial e Comportamento de Artr&#xF3;podes, Escola, de Artes, Ci&#xEA;ncias e Humanidades da Universidade de S&#xE3;o Paulo, S&#xE3;o Paulo, Brazil
6282520	Nicola_White	1Institute of Integrative BiologyUniversity of LiverpoolLiverpoolU.K.
6282520	Jeffrey S._Bale	2School of BioscienceUniversity of BirminghamBirminghamU.K.
6282520	Scott A. L._Hayward	2School of BioscienceUniversity of BirminghamBirminghamU.K.
6113244	Gui-Yao_Wang	0000 0004 1759 700Xgrid.13402.34State Key Laboratory of Rice Biology; Key Laboratory of Molecular Biology of Crop Pathogens and Insects, Ministry of Agriculture; Institute of Insect Sciences, Zhejiang University, Hangzhou, Zhejiang 310058 China 
6113244	Jing-Lei_Zhu	0000 0004 1759 700Xgrid.13402.34State Key Laboratory of Rice Biology; Key Laboratory of Molecular Biology of Crop Pathogens and Insects, Ministry of Agriculture; Institute of Insect Sciences, Zhejiang University, Hangzhou, Zhejiang 310058 China 
6113244	Wen-Wu_Zhou	0000 0004 1759 700Xgrid.13402.34State Key Laboratory of Rice Biology; Key Laboratory of Molecular Biology of Crop Pathogens and Insects, Ministry of Agriculture; Institute of Insect Sciences, Zhejiang University, Hangzhou, Zhejiang 310058 China 
6113244	Su_Liu	0000 0004 1759 700Xgrid.13402.34State Key Laboratory of Rice Biology; Key Laboratory of Molecular Biology of Crop Pathogens and Insects, Ministry of Agriculture; Institute of Insect Sciences, Zhejiang University, Hangzhou, Zhejiang 310058 China 
6113244	Quais Md_Khairul	0000 0004 1759 700Xgrid.13402.34State Key Laboratory of Rice Biology; Key Laboratory of Molecular Biology of Crop Pathogens and Insects, Ministry of Agriculture; Institute of Insect Sciences, Zhejiang University, Hangzhou, Zhejiang 310058 China 
6113244	Naved Ahmad_Ansari	0000 0004 1759 700Xgrid.13402.34State Key Laboratory of Rice Biology; Key Laboratory of Molecular Biology of Crop Pathogens and Insects, Ministry of Agriculture; Institute of Insect Sciences, Zhejiang University, Hangzhou, Zhejiang 310058 China 
6113244	Zeng-Rong_Zhu	0000 0004 1759 700Xgrid.13402.34State Key Laboratory of Rice Biology; Key Laboratory of Molecular Biology of Crop Pathogens and Insects, Ministry of Agriculture; Institute of Insect Sciences, Zhejiang University, Hangzhou, Zhejiang 310058 China 
6117247	Herbert_Venthur	Laboratorio de Qu&#xED;mica Ecol&#xF3;gica, Departamento de Ciencias Qu&#xED;micas y Recursos Naturales, Universidad de La Frontera, Temuco, Chile
6117247	Jing-Jiang_Zhou	Department of Biological Chemistry and Crop Protection, Rothamsted Research, Harpenden, United Kingdom
6164004	Gadi V. P._Reddy	Western Triangle Agricultural Research Center, Montana State University-Bozeman, 9546 Old Shelby Rd, P.O. Box 656, Conrad, MT 59425, USA;  (D.A.M.)
6164004	Govinda_Shrestha	Western Triangle Agricultural Research Center, Montana State University-Bozeman, 9546 Old Shelby Rd, P.O. Box 656, Conrad, MT 59425, USA;  (D.A.M.)
6164004	Debra A._Miller	Western Triangle Agricultural Research Center, Montana State University-Bozeman, 9546 Old Shelby Rd, P.O. Box 656, Conrad, MT 59425, USA;  (D.A.M.)
6164004	A. Cameron_Oehlschlager	ChemTica USA, 2912 Enterprise Blvd. Durant, OK 74701, USA; 
6023448	Rafaela F._Amatuzzi	Departamento de Patologia B&#xE1;sica, Universidade Federal do Paran&#xE1;, Curitiba 81531-980, Paran&#xE1;, Brazil;  (I.C.P.)
6023448	Carolina G._Poitevin	Departamento de Patologia B&#xE1;sica, Universidade Federal do Paran&#xE1;, Curitiba 81531-980, Paran&#xE1;, Brazil;  (I.C.P.)
6023448	Alex S._Poltronieri	Departamento de Fitotecnia, Universidade Federal de Santa Catarina, Florian&#xF3;polis 88034-000, Santa Catarina, Brazil; 
6023448	Maria A. C._Zawadneak	Departamento de Patologia B&#xE1;sica, Universidade Federal do Paran&#xE1;, Curitiba 81531-980, Paran&#xE1;, Brazil;  (I.C.P.)
6023448	Ida C._Pimentel	Departamento de Patologia B&#xE1;sica, Universidade Federal do Paran&#xE1;, Curitiba 81531-980, Paran&#xE1;, Brazil;  (I.C.P.)
6074794	Peter A_Follett	USDA-ARS, Daniel K. Inouye U.S. Pacific Basin Agricultural Research Center, Hilo, HI
5830975	Diego_Silva	P. E. Marucci Center for Blueberry and Cranberry Research and Extension, Rutgers University, Chatsworth, NJ
5830975	Jordano_Salamanca	Escuela de Ciencias Agr&#xED;colas, Pecuarias y de Medio Ambiente, Universidad Nacional Abierta y a Distancia, Bogot&#xE1;, DC, Colombia
5830975	Vera_Kyryczenko-Roth	P. E. Marucci Center for Blueberry and Cranberry Research and Extension, Rutgers University, Chatsworth, NJ
5830975	Hans T_Alborn	Center for Medical, Agricultural, and Veterinary Entomology, USDA - ARS, Gainesville, FL
5830975	Cesar_Rodriguez-Saona	P. E. Marucci Center for Blueberry and Cranberry Research and Extension, Rutgers University, Chatsworth, NJ
5834575	Aleksandra_Bilska	0000 0001 2259 4135grid.11866.38Department of Zoology, Faculty of Biology and Environmental Protection, University of Silesia, Bankowa 9, 40-007 Katowice, Poland 
5834575	Jacek_Francikowski	0000 0001 2259 4135grid.11866.38Department of Animal Physiology and Ecotoxicology, Faculty of Biology and Environmental Protection, University of Silesia, Bankowa 9, 40-007 Katowice, Poland 
5834575	Aleksandra_Wyglenda	0000 0001 2259 4135grid.11866.38Department of Zoology, Faculty of Biology and Environmental Protection, University of Silesia, Bankowa 9, 40-007 Katowice, Poland 
5834575	Adrian_Mas&#x142;owski	0000 0001 2259 4135grid.11866.38Department of Zoology, Faculty of Biology and Environmental Protection, University of Silesia, Bankowa 9, 40-007 Katowice, Poland 
5834575	Natalia_Kaszyca	0000 0001 2259 4135grid.11866.38Department of Zoology, Faculty of Biology and Environmental Protection, University of Silesia, Bankowa 9, 40-007 Katowice, Poland 
5834575	&#x141;ukasz_Depa	0000 0001 2259 4135grid.11866.38Department of Zoology, Faculty of Biology and Environmental Protection, University of Silesia, Bankowa 9, 40-007 Katowice, Poland 
5769822	Rosalind K._Humphreys	0000 0001 0721 1626grid.11914.3cSchool of Biology, University of St Andrews, Dyer&#x2019;s Brae House, St Andrews, Fife, KY16 9TH UK 
5769822	Graeme D._Ruxton	0000 0001 0721 1626grid.11914.3cSchool of Biology, University of St Andrews, Dyer&#x2019;s Brae House, St Andrews, Fife, KY16 9TH UK 
5713412	Haoliang_Chen	Institute of Plant Protection and Agro-Products Safety, Anhui Academy of Agricultural Sciences, Hefei 230031, China;  (G.Z.)
5713412	Lulu_Lin	Institute of Plant Protection and Agro-Products Safety, Anhui Academy of Agricultural Sciences, Hefei 230031, China;  (G.Z.)
5713412	Farman_Ali	Institute of Plant Protection and Agro-Products Safety, Anhui Academy of Agricultural Sciences, Hefei 230031, China;  (G.Z.)
5713412	Minghui_Xie	Institute of Plant Protection and Agro-Products Safety, Anhui Academy of Agricultural Sciences, Hefei 230031, China;  (G.Z.)
5713412	Guangling_Zhang	Institute of Plant Protection and Agro-Products Safety, Anhui Academy of Agricultural Sciences, Hefei 230031, China;  (G.Z.)
5713412	Weihua_Su	Institute of Plant Protection and Agro-Products Safety, Anhui Academy of Agricultural Sciences, Hefei 230031, China;  (G.Z.)
5765502	A. B._Duthie	1Biological and Environmental SciencesUniversity of StirlingStirlingUK
5765502	G._Bocedi	2Institute of Biological and Environmental SciencesSchool of Biological SciencesUniversity of AberdeenAberdeenUK
5765502	R. R._Germain	2Institute of Biological and Environmental SciencesSchool of Biological SciencesUniversity of AberdeenAberdeenUK
5765502	J. M._Reid	2Institute of Biological and Environmental SciencesSchool of Biological SciencesUniversity of AberdeenAberdeenUK
5593998	Shu-Ying_Bin	grid.449900.0Institute for Management of Invasive Alien Species, 314 Yingdong teaching building, Zhongkai University of Agriculture and Engineering, Guangzhou, 510225 P.R. China 
5593998	Meng-Qiu_Qu	grid.449900.0Institute for Management of Invasive Alien Species, 314 Yingdong teaching building, Zhongkai University of Agriculture and Engineering, Guangzhou, 510225 P.R. China 
5593998	Xin-Hua_Pu	grid.449900.0Institute for Management of Invasive Alien Species, 314 Yingdong teaching building, Zhongkai University of Agriculture and Engineering, Guangzhou, 510225 P.R. China 
5593998	Zhong-Zhen_Wu	grid.449900.0Institute for Management of Invasive Alien Species, 314 Yingdong teaching building, Zhongkai University of Agriculture and Engineering, Guangzhou, 510225 P.R. China 
5593998	Jin-Tian_Lin	grid.449900.0Institute for Management of Invasive Alien Species, 314 Yingdong teaching building, Zhongkai University of Agriculture and Engineering, Guangzhou, 510225 P.R. China 
5510984	Peiqin_Xue	College of Life Sciences, Shaanxi Normal University, No. 620, West Chang&#x2019;an Avenue, Chang&#x2019;an District, Xi&#x2019;an 710119, China ()
5510984	Xiaojun_Zhao	College of Life Sciences, Shaanxi Normal University, No. 620, West Chang&#x2019;an Avenue, Chang&#x2019;an District, Xi&#x2019;an 710119, China ()
5510984	Mengbei_Qin	College of Life Sciences, Shaanxi Normal University, No. 620, West Chang&#x2019;an Avenue, Chang&#x2019;an District, Xi&#x2019;an 710119, China ()
5510984	Zhanghuan_Shi	College of Life Sciences, Shaanxi Normal University, No. 620, West Chang&#x2019;an Avenue, Chang&#x2019;an District, Xi&#x2019;an 710119, China ()
5510984	Min_Zhang	College of Life Sciences, Shaanxi Normal University, No. 620, West Chang&#x2019;an Avenue, Chang&#x2019;an District, Xi&#x2019;an 710119, China ()
5510984	Wei_Gu	College of Life Sciences, Shaanxi Normal University, No. 620, West Chang&#x2019;an Avenue, Chang&#x2019;an District, Xi&#x2019;an 710119, China ()
5468429	Milton O._Anyanga	National Crops Resources Research Institute, National Agricultural Research Organization        Kampala, Uganda      
5468429	Benard_Yada	National Crops Resources Research Institute, National Agricultural Research Organization        Kampala, Uganda      
5468429	G. C._Yencho	Department of Horticultural Science, North Carolina State University, Raleigh        NC, United States      
5468429	Gorrettie N._Ssemakula	National Crops Resources Research Institute, National Agricultural Research Organization        Kampala, Uganda      
5468429	Agnes_Alajo	National Crops Resources Research Institute, National Agricultural Research Organization        Kampala, Uganda      
5468429	Dudley I._Farman	Department of Agriculture Health and Environment, Natural Resources Institute, University of Greenwich        Chatham, United Kingdom      
5468429	Robert O. M._Mwanga	International Potato Center        Kampala, Uganda      
5468429	Philip C._Stevenson	Department of Agriculture Health and Environment, Natural Resources Institute, University of Greenwich        Chatham, United Kingdom      
5416781	Zhen Z._Chen	Department of Entomology, Shandong Agricultural University, Taian, Shandong, 271018, P. R. China
5416781	L. Y._Liu	Department of Entomology, Shandong Agricultural University, Taian, Shandong, 271018, P. R. China
5416781	S. Y._Liu	Department of Entomology, Shandong Agricultural University, Taian, Shandong, 271018, P. R. China
5416781	L. Y._Cheng	Department of Entomology, Shandong Agricultural University, Taian, Shandong, 271018, P. R. China
5416781	X. H._Wang	The State Key Laboratory of Integrated Management of Pest Insects and Rodents, Institute of Zoology, Chinese Academy of Sciences, Beijing, 100101, P. R. China (), 
5416781	Y. Y._Xu	Department of Entomology, Shandong Agricultural University, Taian, Shandong, 271018, P. R. China
5407918	Qingchang_Liu	Beijing Key Laboratory of Crop Genetic Improvement/Laboratory of Crop Heterosis and Utilization, Ministry of Education, China Agricultural University, Beijing 100193, China
5407922	Yoshihiro_Okada	Division of Agro-Environment Research, Kyushu Okinawa Agricultural Research Center, NARO, Itoman, Okinawa 901-0336, Japan
5407922	Akira_Kobayashi	Division of Upland Farming Research, Kyushu Okinawa Agricultural Research Center, NARO, Miyakonojyo, Miyazaki 885-0091, Japan
5407922	Hiroaki_Tabuchi	Division of Upland Farming Research, Kyushu Okinawa Agricultural Research Center, NARO, Miyakonojyo, Miyazaki 885-0091, Japan
5407922	Toshikazu_Kuranouchi	Division of Field Crop Research, Institute of Crop Science, NARO, Tsukuba, Ibaraki 305-8518, Japan
5387981	C. G._Adams	Department of Entomology, Michigan State University, E. Lansing, MI 48824 ()
5387981	J. H._Schenker	Department of Mathematics, Michigan State University, E. Lansing, MI 48824 ()
5387981	P. S._McGhee	Department of Entomology, Michigan State University, E. Lansing, MI 48824 ()
5387981	L. J._Gut	Department of Entomology, Michigan State University, E. Lansing, MI 48824 ()
5387981	J. F._Brunner	Department of Entomology, Tree Fruit Research and Extension Center, Washington State University, Wenatchee, WA 98801 ()
5387981	J. R._Miller	Department of Entomology, Michigan State University, E. Lansing, MI 48824 ()
5150260	Olivier_Christiaens	Department of Crop Protection, Faculty of Bioscience Engineering, Ghent University, B-9000 Ghent, Belgium
5150260	Katterinne_Prentice	Department of Crop Protection, Faculty of Bioscience Engineering, Ghent University, B-9000 Ghent, Belgium
5150260	Ine_Pertry	Department of Molecular Biotechnology, Faculty of Bioscience Engineering, Ghent University, B-9000 Ghent, Belgium
5150260	Marc_Ghislain	International Potato Center (CIP), Genomics and Biotechnology Program, Nairobi 00603, Kenya
5150260	Ana_Bailey	Venganza Inc., St. Augustine, FL 32080, USA
5150260	Chuck_Niblett	Venganza Inc., St. Augustine, FL 32080, USA
5150260	Godelieve_Gheysen	Department of Molecular Biotechnology, Faculty of Bioscience Engineering, Ghent University, B-9000 Ghent, Belgium
5150260	Guy_Smagghe	Department of Crop Protection, Faculty of Bioscience Engineering, Ghent University, B-9000 Ghent, Belgium
5147021	Geoff M._Gurr	State Key Laboratory of Ecological Pest Control for Fujian and Taiwan Crops, Fujian Agriculture &amp; Forestry University, Fuzhou, Fujian, China
5147021	Jian_Liu	State Key Laboratory of Ecological Pest Control for Fujian and Taiwan Crops, Fujian Agriculture &amp; Forestry University, Fuzhou, Fujian, China
5147021	Anne C._Johnson	Graham Centre for Agricultural Innovation, Charles Sturt University, Orange, New South Wales, Australia
5147021	Deane N._Woruba	Elizabeth Macarthur Agricultural Institute, NSW Department of Primary Industries, Menangle, New South Wales, Australia
5147021	Gunnar_Kirchhof	School of Agriculture and Food Sciences, The University of Queensland, St Lucia, Queensland, Australia
5147021	Ryosuke_Fujinuma	School of Agriculture and Food Sciences, The University of Queensland, St Lucia, Queensland, Australia
5147021	William_Sirabis	Highlands Regional Centre, National Agricultural Research Institute, Aiyura, Eastern Highlands Province, Papua New Guinea
5147021	Yapo_Jeffery	Highlands Regional Centre, National Agricultural Research Institute, Aiyura, Eastern Highlands Province, Papua New Guinea
5147021	Ramakrishna_Akkinapally	National Agricultural Research Institute, Lae, Morobe Province, Papua New Guinea
5198218	Alan_Kergunteuil	Functional Ecology Laboratory, Institute of Biology, University of Neuch&#xE2;tel, Rue Emile-Argand 11, 2000 Neuch&#xE2;tel, Switzerland;  (E.D.)
5198218	Moe_Bakhtiari	Functional Ecology Laboratory, Institute of Biology, University of Neuch&#xE2;tel, Rue Emile-Argand 11, 2000 Neuch&#xE2;tel, Switzerland;  (E.D.)
5198218	Ludovico_Formenti	Functional Ecology Laboratory, Institute of Biology, University of Neuch&#xE2;tel, Rue Emile-Argand 11, 2000 Neuch&#xE2;tel, Switzerland;  (E.D.)
5198218	Zhenggao_Xiao	Functional Ecology Laboratory, Institute of Biology, University of Neuch&#xE2;tel, Rue Emile-Argand 11, 2000 Neuch&#xE2;tel, Switzerland;  (E.D.)
5198218	Emmanuel_Defossez	Functional Ecology Laboratory, Institute of Biology, University of Neuch&#xE2;tel, Rue Emile-Argand 11, 2000 Neuch&#xE2;tel, Switzerland;  (E.D.)
5198218	Sergio_Rasmann	Functional Ecology Laboratory, Institute of Biology, University of Neuch&#xE2;tel, Rue Emile-Argand 11, 2000 Neuch&#xE2;tel, Switzerland;  (E.D.)
5090047	Patricia_Hern&#xE1;ndez-Mart&#xED;nez	Departamento de Gen&#xE9;tica, Facultad de CC. Biol&#xF3;gicas, Universitat de Val&#xE8;ncia, Dr Moliner 50, 46100, Burjassot, Spain
5090047	Natalia Mara_Vera-Velasco	Departamento de Gen&#xE9;tica, Facultad de CC. Biol&#xF3;gicas, Universitat de Val&#xE8;ncia, Dr Moliner 50, 46100, Burjassot, Spain
5090047	Baltasar_Escriche	Departamento de Gen&#xE9;tica, Facultad de CC. Biol&#xF3;gicas, Universitat de Val&#xE8;ncia, Dr Moliner 50, 46100, Burjassot, Spain
4992881	Lu_Peng	Key Laboratory of Insect Ecology in Fujian, College of Plant Protection, Fujian Agriculture and Forestry University, Fuzhou 350002, Fujian China
4992881	Yunxin_Miao	Key Laboratory of Insect Ecology in Fujian, College of Plant Protection, Fujian Agriculture and Forestry University, Fuzhou 350002, Fujian China
4992881	Youming_Hou	Key Laboratory of Insect Ecology in Fujian, College of Plant Protection, Fujian Agriculture and Forestry University, Fuzhou 350002, Fujian China
7261484	Juan_Ma	1Institute of Plant Protection, Hebei Academy of Agricultural and Forestry Sciences/IPM Centre of Hebei Province/Key Laboratory of Integrated Pest Management on Crops in Northern Region of North China, Ministry of Agriculture, 437 Dongguan Street, Baoding 071000, China ()
7261484	Rongyan_Wang	1Institute of Plant Protection, Hebei Academy of Agricultural and Forestry Sciences/IPM Centre of Hebei Province/Key Laboratory of Integrated Pest Management on Crops in Northern Region of North China, Ministry of Agriculture, 437 Dongguan Street, Baoding 071000, China ()
7261484	Xiuhua_Li	1Institute of Plant Protection, Hebei Academy of Agricultural and Forestry Sciences/IPM Centre of Hebei Province/Key Laboratory of Integrated Pest Management on Crops in Northern Region of North China, Ministry of Agriculture, 437 Dongguan Street, Baoding 071000, China ()
7261484	Bo_Gao	1Institute of Plant Protection, Hebei Academy of Agricultural and Forestry Sciences/IPM Centre of Hebei Province/Key Laboratory of Integrated Pest Management on Crops in Northern Region of North China, Ministry of Agriculture, 437 Dongguan Street, Baoding 071000, China ()
7261484	Shulong_Chen	1Institute of Plant Protection, Hebei Academy of Agricultural and Forestry Sciences/IPM Centre of Hebei Province/Key Laboratory of Integrated Pest Management on Crops in Northern Region of North China, Ministry of Agriculture, 437 Dongguan Street, Baoding 071000, China ()
4938854	Beata_Wielkopolan	Department of Agrophages&#x2019; Forecasting Methods and Agricultural Economic, Institute of Plant Protection, National Research Institute, Poznan, Poland 
4938854	Aleksandra_Obr&#x119;palska-St&#x119;plowska	Interdepartmental Laboratory of Molecular Biology, Institute of Plant Protection, National Research Institute, Poznan, Poland 
5615908	Gadi V.P._Reddy	Montana State University, Western Triangle Agricultural Research Center, 9546 Old Shelby Rd., P.O. Box 656, Conrad, MT 59425, USA
5615908	Frank B._Antwi	Montana State University, Western Triangle Agricultural Research Center, 9546 Old Shelby Rd., P.O. Box 656, Conrad, MT 59425, USA
5615908	Govinda_Shrestha	Montana State University, Western Triangle Agricultural Research Center, 9546 Old Shelby Rd., P.O. Box 656, Conrad, MT 59425, USA
5615908	Takashi_Kuriwada	Kagoshima University, Faculty of Education, Korimoto 1-20-6, Kagoshima, 890-0065, Japan
4868922	Yves_Bousquet	Agriculture and Agri-Food Canada, Central Experimental Farm, Ottawa, Ontario K1A 0C6, Canada      
4880627	Francisco_Gonzalez	Department of Plant Protection Biology, Swedish University of Agricultural Sciences, V&#xE4;xtskyddsv&#xE4;gen 3, P.O. Box 23053, Alnarp, Sweden 
4880627	Cezary_Tkaczuk	Department of Plant Protection and Breeding, Siedlce University of Natural Sciences and Humanities, Prusa 14 Street, 08-110 Siedlce, Poland 
4880627	Mihaela Monica_Dinu	Research-Development Institute for Plant Protection, Bd. Ion Ionescu de la Brad nr. 8, Sector 1, P.O. Box 013813, Bucharest, Romania 
4880627	&#x17B;aneta_Fiedler	Department of Biological Control, Institute of Plant Protection &#x2013; NRI, W&#x142;adys&#x142;awa W&#x119;gorka 20 Street, 60-318 Pozna&#x144;, Poland 
4880627	Stefan_Vidal	Department of Crop Sciences, Agricultural Entomology, Georg-August-University, Grisebachstrasse 6, 37077 Goettingen, Germany 
4880627	Einat_Zchori-Fein	Department of Entomology, NeweYa&#x2019;ar Research Center, P.O. Box 1021, 30095 Ramat Yishay, Israel 
4880627	Gerben J._Messelink	Wageningen UR Greenhouse Horticulture, PO Box 20, 2265 ZG Bleiswijk, The Netherlands 
5080323	Kentarou_Matsumura	grid.261356.50000000113024472Laboratory of Evolutionary Ecology, Graduate School of Environmental and Life Science, Okayama University, Tsushima-Naka, Okayama City, Okayama Japan 
5080323	Ken_Sasaki	grid.412905.b0000000097459416Department of Bioresource Science, Tamagawa University, Machida, Tokyo, Japan 
5080323	Takahisa_Miyatake	grid.261356.50000000113024472Laboratory of Evolutionary Ecology, Graduate School of Environmental and Life Science, Okayama University, Tsushima-Naka, Okayama City, Okayama Japan 
4521199	Lu_Peng	Institute of Applied Ecology, Fujian Agriculture and Forestry University, Fuzhou 350002, China
4521199	Mingmin_Zou	Institute of Applied Ecology, Fujian Agriculture and Forestry University, Fuzhou 350002, China
4521199	Nana_Ren	Institute of Applied Ecology, Fujian Agriculture and Forestry University, Fuzhou 350002, China
4521199	Miao_Xie	Institute of Applied Ecology, Fujian Agriculture and Forestry University, Fuzhou 350002, China
4521199	Liette_Vasseur	Institute of Applied Ecology, Fujian Agriculture and Forestry University, Fuzhou 350002, China
4521199	Yifan_Yang	Institute of Applied Ecology, Fujian Agriculture and Forestry University, Fuzhou 350002, China
4521199	Weiyi_He	Institute of Applied Ecology, Fujian Agriculture and Forestry University, Fuzhou 350002, China
4521199	Guang_Yang	Institute of Applied Ecology, Fujian Agriculture and Forestry University, Fuzhou 350002, China
4521199	Geoff M._Gurr	Institute of Applied Ecology, Fujian Agriculture and Forestry University, Fuzhou 350002, China
4521199	Youming_Hou	Fujian-Taiwan Joint Centre for Ecological Control of Crop Pests, Fujian Agriculture and Forestry University, Fuzhou 350002, China
4521199	Shijun_You	Department of Botany, University of British Columbia, 3529-6270 University Blvd. Vancouver, BC V6T 1Z4, Canada
4521199	Minsheng_You	Institute of Applied Ecology, Fujian Agriculture and Forestry University, Fuzhou 350002, China
4496664	Gadi V. P._Reddy	Western Triangle Agricultural Research Center, Montana State University, 9546 Old Shelby Rd., P. O. Box 656, Conrad, MT 59425, USA
4496664	Hisn_Chi	Laboratory of Theoretical and Applied Ecology, Department of Entomology, National Chung Hsing University, Taichung 402, Taiwan, Republic of China
4404978	Colin K._Khoury	International Center for Tropical Agriculture, Cali        Colombia      
4404978	Bettina_Heider	International Potato Center, CGIAR Research Program on Roots, Tubers and Bananas, Lima        Peru      
4404978	Nora P._Casta&#xF1;eda-&#xC1;lvarez	International Center for Tropical Agriculture, Cali        Colombia      
4404978	Harold A._Achicanoy	International Center for Tropical Agriculture, Cali        Colombia      
4404978	Chrystian C._Sosa	International Center for Tropical Agriculture, Cali        Colombia      
4404978	Richard E._Miller	Department of Biological Sciences, Southeastern Louisiana University, Hammond, LA        USA      
4404978	Robert W._Scotland	Department of Plant Sciences, University of Oxford, Oxford        UK      
4404978	John R. I._Wood	Department of Plant Sciences, University of Oxford, Oxford        UK      
4404978	Genoveva_Rossel	International Potato Center, CGIAR Research Program on Roots, Tubers and Bananas, Lima        Peru      
4404978	Lauren A._Eserman	Department of Plant Biology, University of Georgia, Athens, GA        USA      
4404978	Robert L._Jarret	Plant Genetic Resources Conservation Unit, United States Department of Agriculture &#x2013; Agricultural Research Service, Griffin, GA        USA      
4404978	G. C._Yencho	Department of Horticultural Science, North Carolina State University, Raleigh, NC        USA      
4404978	Vivian_Bernau	International Center for Tropical Agriculture, Cali        Colombia      
4404978	Henry_Juarez	International Potato Center, CGIAR Research Program on Roots, Tubers and Bananas, Lima        Peru      
4404978	Steven_Sotelo	International Center for Tropical Agriculture, Cali        Colombia      
4404978	Stef_de Haan	International Center for Tropical Agriculture, Cali        Colombia      
4404978	Paul C._Struik	Centre for Crop Systems Analysis, Wageningen University, Wageningen        Netherlands      
4298358	UNKNOWN_Wamalwa	InternationalPotato Centre, P.O. Box 25171-00603, Nairobi, Kenya
4298358	Xavier_Cheseto	InternationalCentre of Insect Physiology and Ecology (ICIPE)-African Insect Sciencefor Food and Health, P.O. Box 30772-00100, Nairobi, Kenya
4298358	Elizabeth_Ouna	InternationalCentre of Insect Physiology and Ecology (ICIPE)-African Insect Sciencefor Food and Health, P.O. Box 30772-00100, Nairobi, Kenya
4298358	Fatma_Kaplan	Departmentof Biology, University of Florida, Gainesville, Florida 32611, United States
4298358	UNKNOWN_Maniania	InternationalCentre of Insect Physiology and Ecology (ICIPE)-African Insect Sciencefor Food and Health, P.O. Box 30772-00100, Nairobi, Kenya
4298358	Jesse_Machuka	KenyattaUniversity, P.O. Box43844-00100, Nairobi, Kenya
4298358	Baldwyn_Torto	InternationalCentre of Insect Physiology and Ecology (ICIPE)-African Insect Sciencefor Food and Health, P.O. Box 30772-00100, Nairobi, Kenya
4298358	Marc_Ghislain	InternationalPotato Centre, P.O. Box 25171-00603, Nairobi, Kenya
4169129	Joshua Sikhu_Okonya	Global Program of Integrated Crop and Systems Research, International Potato Center (CIP), Plot 47, Ntinda II Road, Naguru, Box 22274, Kampala, Uganda 
4169129	Robert OM_Mwanga	International Potato Center (CIP), Plot 47, Ntinda II Road, Naguru, Box 22274, Kampala, Uganda 
4169129	Katja_Syndikus	IMOswiss AG, Weststrasse 51, CH-8570 Weinfelden, Switzerland 
4169129	J&#xFC;rgen_Kroschel	Global Program of Integrated Crop and Systems Research, International Potato Center (CIP), Avenida La Molina 1895, Lima, 12 Peru 
4100182	Liangjian_Qu	Key Laboratory of Forest Protection, State Forestry Administration, Research Institute of Forest Ecology, Environment and Protection, Chinese Academy of Forestry, Haidian District, Beijing 100091, China; E-Mails:  (Y.W.)
4100182	Lijuan_Wang	State Key Laboratory of Tree Genetics and Breeding, Research Institute of Forestry, Chinese Academy of Forestry, Haidian District, Beijing 100091, China; E-Mail: 
4100182	Qinghua_Wang	Key Laboratory of Forest Protection, State Forestry Administration, Research Institute of Forest Ecology, Environment and Protection, Chinese Academy of Forestry, Haidian District, Beijing 100091, China; E-Mails:  (Y.W.)
4100182	Yuzhu_Wang	Key Laboratory of Forest Protection, State Forestry Administration, Research Institute of Forest Ecology, Environment and Protection, Chinese Academy of Forestry, Haidian District, Beijing 100091, China; E-Mails:  (Y.W.)
4100182	Yongan_Zhang	Key Laboratory of Forest Protection, State Forestry Administration, Research Institute of Forest Ecology, Environment and Protection, Chinese Academy of Forestry, Haidian District, Beijing 100091, China; E-Mails:  (Y.W.)
3968456	Grant T._McQuate	USDA-ARS, Daniel K. Inouye U.S. Pacific Basin Agricultural Research Center, 64 Nowelo Street, Hilo, HI 96720
4026458	R. J._Rukarwa	School of Agricultural Sciences, Makerere University, P.O. Box 7062, Kampala, Uganda 
4026458	S. B._Mukasa	School of Agricultural Sciences, Makerere University, P.O. Box 7062, Kampala, Uganda 
4026458	B._Odongo	African Institute for Capacity Development, P.O. Box 46179, Nairobi GPO, 00100 Kenya 
4026458	G._Ssemakula	National Crop Resources Research Institute (NaCRRI), P.O. Box 7084, Namulonge, Kampala, Uganda 
4026458	M._Ghislain	International Potato Center, P.O. Box 25171, Nairobi, 00603 Kenya 
3407866	Ashraf_Tayeh	Inra, Cbgp (Inra/Ird/Cirad/Montpellier SupAgro)          Montpellier, France        
3407866	Arnaud_Estoup	Inra, Cbgp (Inra/Ird/Cirad/Montpellier SupAgro)          Montpellier, France        
3407866	Guillaume_Laugier	Inra, Cbgp (Inra/Ird/Cirad/Montpellier SupAgro)          Montpellier, France        
3407866	Anne_Loiseau	Inra, Cbgp (Inra/Ird/Cirad/Montpellier SupAgro)          Montpellier, France        
3407866	Julie_Turgeon	D&#xE9;partement de biologie, Universit&#xE9; Laval          Qu&#xE9;bec, QC, Canada        
3407866	Stefan_Toepfer	CABI Europe Switzerland, Plant Protection &amp; Soil Conservation Directorate          Hodmezovasarhely, Hungary        
3407866	Benoit_Facon	Inra, Cbgp (Inra/Ird/Cirad/Montpellier SupAgro)          Montpellier, France        
3335412	Aline Ferreira_Quadros	Programa de P&#xF3;s-Gradua&#xE7;&#xE3;o em Biologia Animal. Departamento de Zoologia, IB, Universidade Federal do Rio Grande do Sul, Av. Bento Gon&#xE7;alves, 9500, pr&#xE9;dio 43435, CEP 91501-970, Porto Alegre, Rio Grande do Sul, Brasil
3335412	Priscila Silva_Bugs	Programa de P&#xF3;s-Gradua&#xE7;&#xE3;o em Biologia Animal. Departamento de Zoologia, IB, Universidade Federal do Rio Grande do Sul, Av. Bento Gon&#xE7;alves, 9500, pr&#xE9;dio 43435, CEP 91501-970, Porto Alegre, Rio Grande do Sul, Brasil
3335412	Paula Beatriz_Araujo	Programa de P&#xF3;s-Gradua&#xE7;&#xE3;o em Biologia Animal. Departamento de Zoologia, IB, Universidade Federal do Rio Grande do Sul, Av. Bento Gon&#xE7;alves, 9500, pr&#xE9;dio 43435, CEP 91501-970, Porto Alegre, Rio Grande do Sul, Brasil
2964745	M._Lousia	Department of Zoology, Annamalai University, Annamalai Nagar, Cuddalore District, Tamil Nadu, India
2964745	UNKNOWN_Selvisabhanayakam	Department of Zoology, Annamalai University, Annamalai Nagar, Cuddalore District, Tamil Nadu, India
2964745	V._Mathivanan	Department of Zoology, Annamalai University, Annamalai Nagar, Cuddalore District, Tamil Nadu, India
